,Date,Nifty Value,PE Ratio,10_years_%_Change,monthly_%_Change,Inflow_Rate,Residual_Corpus_monthly,Monthly_Netflow,Cummulative_Inflow,Residual_Corpus_10_years
0,2000-07-31,1332.85,17.2324,,,3.0,,,,
1,2000-08-31,1394.1,18.5937,,0.04595415838241368,6.0,10409541.583824137,509541.5838241368,509541.5838241368,
2,2000-09-29,1271.65,16.9605,,-0.08783444516175298,3.0,9470225.27442075,-889316.3094033885,-379774.7255792517,
3,2000-10-31,1172.75,15.5767,,-0.07777297212283263,3.0,8708697.70815628,-711527.5662644699,-1091302.2918437216,
4,2000-11-30,1268.15,17.6839,,0.08134726071200182,3.0,9392126.411083682,733428.7029274016,-357873.58891632,
5,2000-12-29,1263.55,17.6198,,-0.003627331151677793,3.0,9333058.058372261,-9068.352711419582,-366941.9416277396,
6,2001-01-31,1371.7,18.9052,,0.08559218076055575,6.0,10081894.850753222,848836.79238096,481894.8507532204,
7,2001-02-28,1351.4,18.6255,,-0.014799154334038,6.0,9882691.332877383,-99203.51787583993,382691.3328773804,
8,2001-03-30,1148.2,16.4935,,-0.15036258694687,3.0,8371704.298068529,-1460987.0348088539,-1078295.7019314733,
9,2001-04-30,1125.25,15.3059,,-0.019987807002264435,3.0,8179372.288278707,-142332.0097898214,-1220627.7117212948,
10,2001-05-31,1167.9,15.8861,,0.037902688291490794,3.0,8464392.486541392,335020.1982626856,-885607.5134586091,
11,2001-06-29,1107.9,15.0699,,-0.051374261494991025,3.0,8004540.573541578,-409851.9129998148,-1295459.426458424,
12,2001-07-31,1072.85,14.5501,,-0.03163642928062116,3.0,7726305.491762867,-228235.08177871085,-1523694.508237135,
13,2001-08-31,1053.75,14.2911,,-0.01780304795637777,3.0,7563753.704567388,-112551.78719547926,-1636246.2954326142,
14,2001-09-28,913.85,12.3938,,-0.13276393831553968,3.0,6534559.974300268,-979193.7302671194,-2615440.0256997338,
15,2001-10-31,971.9,13.3589,,0.06352245992230676,3.0,6924651.298377667,440091.3240773987,-2175348.7016223352,
16,2001-11-29,1067.15,14.6682,,0.09800390986727048,3.0,7578294.200086149,703642.9017084823,-1471705.799913853,
17,2001-12-31,1059.05,14.441,,-0.007590310640491205,3.0,7495772.592982463,-32521.607103686685,-1504227.4070175397,
18,2002-01-31,1080.45,16.7436,,0.02020678910344187,3.0,7622238.088936219,176465.49595375624,-1327761.9110637836,
19,2002-02-28,1142.05,17.5395,,0.05701328150307727,3.0,8031806.894784218,459568.8058479984,-868193.1052157851,
20,2002-03-28,1129.55,17.4049,,-0.010945230068736045,3.0,7918896.920453144,-62909.974331073696,-931103.0795468588,
21,2002-04-30,1084.5,15.5275,,-0.03988313930326237,3.0,7578066.451446536,-290830.4690066082,-1221933.548553467,
22,2002-05-31,1028.8,13.9771,,-0.05136007376671281,3.0,7163856.39949119,-364210.05195534567,-1586143.6005088128,
23,2002-06-28,1057.8,14.3708,,0.028188180404354668,3.0,7340792.476070939,226936.07657974836,-1359207.5239290644,
24,2002-07-31,958.9,12.645199999999999,,-0.0934959349593496,3.0,6629458.220178127,-661334.2558928115,-2020541.779821876,
25,2002-08-30,1010.6,13.3376,,0.05391594535405164,3.0,6961891.727304219,382433.5071260924,-1638108.2726957835,
26,2002-09-30,963.15,12.213,,-0.0469523055610529,3.0,6610014.859640866,-301876.8676633541,-1939985.1403591377,
27,2002-10-31,951.4,11.8034,,-0.012199553548253084,3.0,6504375.629405928,-55639.230234937335,-1995624.370594075,
28,2002-11-29,1050.15,13.0285,,0.1037944082404878,3.0,7154493.448833967,700117.8194280387,-1295506.5511660362,
29,2002-12-31,1093.5,12.6738,,0.04127981716897566,3.0,7424829.630338467,320336.1815045003,-975170.3696615358,
30,2003-01-31,1041.85,12.0752,,-0.04723365340649299,3.0,7049127.8009768,-325701.82936166663,-1300872.1990232025,
31,2003-02-28,1063.4,12.325,,0.020684359552718856,3.0,7169934.49494527,170806.69396847053,-1130065.505054732,
32,2003-03-31,978.2,10.6782,,-0.08012036862892613,3.0,6570476.700165002,-549457.7947802683,-1679523.2998350004,
33,2003-04-30,934.05,10.1962,,-0.04513391944387657,3.0,6248925.334071887,-271551.3660931151,-1951074.6659281156,
34,2003-05-30,1006.8,10.2758,,0.07788662277180025,3.0,6710633.02429589,511707.69022400293,-1439366.9757041126,
35,2003-06-30,1134.15,10.9625,,0.12648986889153768,3.0,7534460.1157182995,873827.0914224101,-565539.8842817025,
36,2003-07-31,1185.85,11.4623,,0.045584799188819636,3.0,7852916.967089489,368456.85137118946,-197083.032910513,
37,2003-08-29,1356.55,13.2405,,0.14394737951680225,3.0,8958323.786065055,1155406.8189755664,958323.7860650534,
38,2003-09-30,1417.1,12.9077,,0.04463528804688366,3.0,9333181.148673318,424857.3626082631,1383181.1486733165,
39,2003-10-31,1555.9,14.1719,,0.09794651047914771,3.0,10222333.673855633,939152.525182315,2322333.6738556316,
40,2003-11-28,1615.25,14.7125,,0.0381451250080338,3.0,10587265.86971869,414932.1958630565,2737265.869718688,
41,2003-12-31,1879.75,15.7889,,0.1637517412165299,3.0,12295949.090607464,1758683.2208887744,4495949.090607462,
42,2004-01-30,1809.75,15.2009,,-0.037238994547147186,3.0,11813060.309470333,-432888.78113713075,4063060.3094703318,
43,2004-02-27,1800.3,15.1216,,-0.005221715706589358,3.0,11726375.866909485,-36684.44256084858,4026375.866909483,
44,2004-03-31,1771.9,14.4666,,-0.015775148586346655,3.0,11516390.545229638,-159985.3216798467,3866390.545229636,
45,2004-04-30,1796.1,14.5312,,0.013657655623906528,3.0,11648677.441326797,182286.89609715954,4048677.4413267956,
46,2004-05-31,1483.6,11.8468,,-0.17398808529591892,3.0,9596946.357080584,-2001731.0842462133,2046946.3570805823,
47,2004-06-30,1505.6,11.3871,,0.014828794823402491,3.0,9714257.505540932,167311.14846034796,2214257.50554093,
48,2004-07-30,1632.3,12.3467,,0.08415249734325192,3.0,10506736.53446763,842479.0289266983,3056736.534467628,
49,2004-08-31,1631.75,12.3425,,-0.00033694786497573403,3.0,10478196.312024478,21459.77755684859,3078196.312024477,
50,2004-09-30,1745.5,12.3372,,0.06971043358357587,3.0,11183635.920109529,755439.608085052,3833635.920109529,
51,2004-10-29,1786.9,12.6299,,0.023718132340303733,3.0,11423890.87690846,290254.9567989323,4123890.8769084616,
52,2004-11-30,1958.8,13.844899999999999,,0.09620012311824944,3.0,12497870.585756501,1123979.7088480403,5247870.585756502,
53,2004-12-31,2080.5,13.615,,0.06212987543393922,3.0,13249361.728439046,801491.1426825444,6049361.728439046,
54,2005-01-31,2057.6,13.4651,,-0.01100696947849078,3.0,13078526.408284634,-120835.32015441242,5928526.408284633,
55,2005-02-28,2103.25,13.7488,,0.02218604199066876,3.0,13343687.144354908,315160.73607027315,6243687.144354907,
56,2005-03-31,2035.65,12.7072,,-0.0321407345774396,3.0,12889811.237563804,-403875.90679110406,5839811.237563803,
57,2005-04-29,1902.5,11.8761,,-0.06540908309385218,3.0,12021700.503261924,-818110.7343018805,5021700.503261922,
58,2005-05-31,2087.55,13.0312,,0.09726675427069664,3.0,13166012.292028612,1194311.7887666877,6216012.29202861,
59,2005-06-30,2220.6,13.4979,,0.06373500035927271,3.0,13980148.090191243,864135.7981626325,7080148.090191242,
60,2005-07-29,2312.3,14.0725,,0.04129514545618318,3.0,14532460.339074671,602312.2488834289,7682460.339074671,
61,2005-08-31,2384.65,14.5194,,0.03128919257881768,3.0,14962169.28926801,479708.9501933375,8162169.289268008,
62,2005-09-30,2601.4,15.4978,,0.09089384186358584,3.0,16297138.338582937,1384969.049314927,9547138.338582935,
63,2005-10-31,2370.95,14.1249,,-0.088586914738218,3.0,14828425.134105947,-1418713.2044769905,8128425.134105944,
64,2005-11-30,2652.25,15.7931,,0.11864442523039287,3.0,16562735.111213857,1784309.9771079114,9912735.111213855,
65,2005-12-30,2836.55,16.892,,0.06948817042134037,3.0,17688649.271265402,1175914.1600515463,11088649.271265402,
66,2006-01-31,3001.1,17.6126,,0.05801061148225828,3.0,18689778.63178671,1051129.3605213081,12139778.631786712,
67,2006-02-28,3074.7,18.0356,,0.02452434107493917,6.0,19098133.13756776,508354.5057810473,12648133.137567759,
68,2006-03-31,3402.55,18.9885,,0.10662828893875842,6.0,21084534.39595121,2086401.258383452,14734534.395951211,
69,2006-04-29,3557.6,19.81,,0.045568764603018286,6.0,21995330.580604553,1010796.184653343,15745330.580604555,
70,2006-05-31,3071.05,17.1258,,-0.13676354845963568,3.0,18962171.120858338,-2983159.4597462174,12762171.120858338,
71,2006-06-30,3128.2,17.0439,,0.018609270444961634,3.0,19290043.291470032,377872.1706116941,13140043.291470032,
72,2006-07-31,3143.2,17.1004,,0.004795089828016019,3.0,19357540.78183895,117497.49036891661,13257540.781838948,
73,2006-08-31,3413.9,18.5767,,0.08612242300839923,6.0,20974659.097454824,1717118.315615873,14974659.097454822,
74,2006-09-29,3588.4,19.4549,,0.051114561059199204,6.0,21996769.590587568,1122110.4931327426,16096769.590587564,
75,2006-10-31,3744.1,18.6672,,0.0433898116152045,6.0,22901205.27926622,1004435.6886786536,17101205.279266216,
76,2006-11-30,3954.5,19.6565,,0.05619508025960851,6.0,24138140.347976357,1336935.0687101353,18438140.34797635,
77,2006-12-29,3966.4,19.5484,,0.003009229991149276,6.0,24160777.56384206,122637.21586570087,18560777.56384205,
78,2007-01-31,4082.7,18.0752,,0.029321298910851112,6.0,24819202.944710057,758425.3808679981,19319202.94471005,
79,2007-02-28,3745.3,16.612,,-0.08264138927670406,3.0,22743109.532618754,-2026093.4120913036,17293109.532618746,
80,2007-03-30,3821.55,16.9475,,0.020358849758363773,3.0,23181133.08263135,488023.5500125961,17781133.082631342,
81,2007-04-30,4087.9,17.6634,,0.06969685075427501,3.0,24771785.055406492,1640651.972775144,19421785.055406485,
82,2007-05-31,4295.8,18.4704,,0.05085740844932607,6.0,25981613.84598821,1309828.7905817195,20731613.845988203,
83,2007-06-29,4318.3,18.5293,,0.00523767400716979,6.0,26067697.069493666,186083.2235054552,20917697.06949366,
84,2007-07-31,4528.85,17.6637,,0.048757612949540396,3.0,27313695.75369391,1295998.6842002405,22213695.7536939,
85,2007-08-31,4464.0,17.4099,,-0.014319308433708433,3.0,26897582.519732293,-366113.2339616154,21847582.519732285,
86,2007-09-28,5021.35,19.5488,,0.12485439068100357,6.0,30205863.79602548,3408281.276293188,25255863.796025474,
87,2007-10-31,5900.65,21.7765,,0.1751122706045185,6.0,35445281.19091833,5339417.3948928425,30595281.190918315,
88,2007-11-30,5762.75,21.3568,,-0.02337030666113049,6.0,34566914.09979656,-778367.0911217618,29816914.099796552,
89,2007-12-31,6138.6,22.5135,,0.06522059780486744,6.0,36771388.901654795,2304474.8018582333,32121388.901654787,
90,2008-01-31,5137.45,19.2543,,-0.1630909327859773,6.0,30724308.78584798,-5947080.115806814,26174308.785847973,
91,2008-02-29,5223.5,19.5352,,0.01674955474019213,6.0,31188927.27771111,564618.4918631268,26738927.2777111,
92,2008-03-31,4734.5,17.2038,,-0.0936153919785584,3.0,28244163.62521743,-2894763.6524936776,23844163.625217423,
93,2008-04-30,5165.9,18.686,,0.09111838631323255,6.0,30767726.237514142,2623562.6122967126,26467726.237514134,
94,2008-05-30,4870.1,17.6717,,-0.05726010956464489,3.0,28980962.86209908,-1736763.375415059,24730962.862099074,
95,2008-06-30,4040.55,14.1789,,-0.17033531138990987,3.0,24019481.52860402,-4911481.333495061,19819481.528604012,
96,2008-07-31,4332.95,15.2695,,0.0723663857643142,3.0,25732684.594761796,1763203.0661577778,21582684.59476179,
97,2008-08-29,4360.0,15.336500000000001,,0.0062428599453028255,3.0,25868330.140703544,185645.5459417495,21768330.140703537,
98,2008-09-30,3921.2,14.1474,,-0.10064220183486239,3.0,23239884.437552005,-2578445.7031515404,19189884.437551998,
99,2008-10-31,2885.6,10.4744,,-0.2641028256656126,3.0,17077165.289452225,-6112719.148099781,13077165.289452218,
100,2008-11-28,2755.1,10.0256,,-0.04522456334904357,3.0,16279857.945997305,-747307.3434549201,12329857.945997298,
101,2008-12-31,2959.15,11.3809,,0.07406264745381308,3.0,17460587.32564986,1230729.379652556,13560587.325649854,
102,2009-01-30,2874.8,11.165,,-0.02850480712366721,3.0,16937876.651666265,-472710.67398359755,13087876.651666256,
103,2009-02-27,2763.65,10.7534,,-0.03866355920411857,3.0,16257998.054952508,-629878.5967137562,12457998.054952499,
104,2009-03-31,3020.95,12.681799999999999,,0.09310151430173863,3.0,17746642.293383308,1538644.2384307997,13996642.293383298,
105,2009-04-29,3473.95,14.5666,,0.14995282940796772,3.0,20382801.51776724,2686159.224383932,16682801.51776723,
106,2009-05-29,4448.95,18.6547,,0.28066034341311763,6.0,26053445.59146521,5770644.073697968,22453445.591465198,
107,2009-06-30,4291.1,19.3844,,-0.03548028186426,6.0,25079061.99834486,-874383.5931203477,21579061.99834485,
108,2009-07-31,4636.45,20.9222,,0.08048052946796846,6.0,27047438.186531663,2068376.1881868017,23647438.18653165,
109,2009-08-31,4662.1,21.1231,,0.005532249889462992,6.0,27147071.37344936,199633.1869176969,23847071.373449348,
110,2009-09-30,5083.95,24.9609,,0.09048497458226956,9.0,29528473.436658982,2531402.063209623,26378473.43665897,
111,2009-10-30,4711.7,23.0041,,-0.07322062569458787,6.0,27316380.135820795,-2112093.3008381883,24266380.135820784,
112,2009-11-30,5032.7,24.5717,,0.06812827641827801,9.0,29102398.032460753,1936017.8966399578,26202398.03246074,
113,2009-12-31,5201.05,23.5181,,0.03345122896258479,6.0,30025909.012404874,1023510.9799441217,27225909.012404863,
114,2010-01-29,4882.05,22.0796,,-0.06133376914276922,6.0,28134306.84073624,-1791602.1716686343,25434306.84073623,
115,2010-02-26,4922.3,22.2589,,0.00824448745916162,6.0,28316259.780656897,281952.9399206549,25716259.780656885,
116,2010-03-31,5249.1,20.4396,,0.0663917274444874,6.0,30146225.18226157,1929965.4016046734,27646225.18226156,
117,2010-04-30,5278.0,20.8588,,0.005505705740031619,6.0,30262201.427287836,215976.24502626326,27862201.427287824,
118,2010-05-31,5086.3,20.0678,,-0.03632057597574834,6.0,29113060.841154628,-1049140.5861332077,26813060.841154616,
119,2010-06-30,5312.5,20.1119,,0.044472406267817455,6.0,30357788.710582145,1344727.869427516,28157788.710582133,
120,2010-07-30,5367.6,20.3552,3.0271598454439737,0.010371764705882525,6.0,30622652.5520792,364863.84149705485,28522652.55207919,34271598.45443974
121,2010-08-31,5402.4,20.452,2.8751882935227027,0.006483344511513334,6.0,30771189.758430704,248537.20635150248,28771189.758430693,32751882.935227025
122,2010-09-30,6029.95,20.8381,3.741831478787402,0.11616133570265075,6.0,34295612.26192974,3624422.5034990376,32395612.26192973,41418314.78787402
123,2010-10-29,6017.7,20.6564,4.13127264975485,-0.0020315259662185836,6.0,34175939.83509227,-19672.42683747472,32375939.835092258,45312726.4975485
124,2010-11-30,5862.7,20.1303,3.623033552813153,-0.025757349153331055,6.0,33245658.220116563,-830281.6149757069,31545658.220116552,40230335.52813153
125,2010-12-31,6134.5,19.9627,3.854972102409877,0.046360891739301024,6.0,34736956.58166119,1591298.3615446272,33136956.58166118,42549721.02409877
126,2011-01-31,5505.9,17.9149,3.013924327476853,-0.10246963892737804,3.0,31152473.183302358,-3534483.39835883,29602473.18330235,34139243.27476853
127,2011-02-28,5333.25,17.2906,2.9464629273346157,-0.03135727129079713,3.0,30150616.630314264,-951856.5529880945,28650616.630314257,33464629.273346156
128,2011-03-31,5833.75,18.0537,4.080778609998258,0.09384521633150511,6.0,32930107.770514384,2879491.1402001176,31530107.770514376,44807786.099982575
129,2011-04-29,5749.5,17.8024,4.109531215285492,-0.014441825583886847,3.0,32429536.89763402,-450570.8728803657,31079536.89763401,45095312.15285492
130,2011-05-31,5560.15,17.1863,3.760810000856237,-0.032933298547699885,3.0,31336525.27722059,-1043011.6204134303,30036525.27722058,41608100.00856237
131,2011-06-30,5647.4,16.5074,4.097391461323223,0.01569202269722947,3.0,31803258.74312304,516733.46590245044,30553258.743123032,44973914.61323223
132,2011-07-29,5482.0,16.0241,4.109754392505943,-0.029287813861245793,3.0,30846810.820873413,-906447.9222496254,29646810.820873406,45097543.92505943
133,2011-08-30,5001.0,14.6312,3.7459074733096083,-0.08774170010944915,3.0,28115259.19649543,-2681551.624377986,26965259.19649542,41459074.733096085
134,2011-09-30,4943.25,14.8083,4.409257536794879,-0.011547690461907623,3.0,27765592.886037998,-299666.31045743084,26665592.88603799,48092575.36794879
135,2011-10-31,5326.6,15.9898,4.480605000514457,0.07755019470995816,3.0,29893820.020587675,2178227.134549676,28843820.020587668,48806050.00514457
136,2011-11-30,4832.05,14.5114,3.5279951272079835,-0.09284534224458385,3.0,27093318.06977822,-2750501.9508094555,26093318.06977821,39279951.27207983
137,2011-12-30,4624.3,13.8885,3.366460507058213,-0.04299417431524921,3.0,25903463.229907684,-1139854.839870536,24953463.229907677,37664605.07058213
138,2012-01-31,5199.25,15.5019,3.8121153223194035,0.12433233137988453,3.0,29099101.204095222,3245637.974187536,28199101.204095215,42121153.22319403
139,2012-02-29,5385.2,16.0588,3.715380237292588,0.035764773765446956,3.0,30114823.975437533,1065722.7713423106,29264823.975437526,41153802.37292588
140,2012-03-30,5295.55,15.7656,3.688194413704573,-0.01664747827378732,3.0,29588488.097587507,-476335.87785002583,28788488.0975875,40881944.13704573
141,2012-04-30,5248.15,15.0182,3.839234670355002,-0.008950911614468815,3.0,29298644.15582024,-239843.9417672683,28548644.155820232,42392346.70355002
142,2012-05-31,4924.25,14.0931,3.786401632970451,-0.061716985985537653,3.0,27465420.145060226,-1783224.0107600123,26765420.14506022,41864016.32970451
143,2012-06-29,5278.9,15.105,3.9904518812629988,0.0720211199675076,3.0,29418510.46428561,2003090.3192253825,28768510.4642856,43904518.81262999
144,2012-07-31,5229.0,15.254,4.453123370528731,-0.009452726893860341,3.0,29115425.319242544,-253085.14504306443,28515425.319242537,48531233.70528731
145,2012-08-31,5258.5,15.344899999999999,4.20334454779339,0.005641614075349022,3.0,29254683.312533356,189257.99329081204,28704683.31253335,46033445.4779339
146,2012-09-28,5703.3,16.9329,4.921507553340602,0.084586859370543,3.0,31704245.095820386,2499561.78328703,31204245.09582038,53215075.53340602
147,2012-10-31,5619.7,15.6134,4.906768972041203,-0.01465818035172628,3.0,31214518.553290516,-439726.54252986866,30764518.55329051,53067689.72041202
148,2012-11-30,5879.85,16.2646,4.599057277531781,0.04629250671744045,3.0,32634516.863100387,1469998.3098098708,32234516.86310038,49990572.77531781
149,2012-12-31,5905.1,16.1269,4.400182898948332,0.004294327236239015,3.0,32749660.1577071,165143.2946067134,32399660.15770709,48001828.98948332
150,2013-01-31,6034.75,16.4819,4.7923405480635415,0.02195559770367983,3.0,33443698.52106195,744038.3633548488,33143698.521061942,51923405.48063541
151,2013-02-28,5693.05,15.5349,4.353629866466052,-0.056622063880028106,3.0,31525047.28701798,-1868651.2340439712,31275047.28701797,47536298.66466052
152,2013-03-28,5682.55,15.4675,4.809190349621754,-0.001844354080852928,3.0,31441903.937405087,-33143.34961289314,31241903.93740508,52091903.49621754
153,2013-04-30,5930.2,16.5487,5.348910657887694,0.04358078679466071,3.0,32787166.849319343,1395262.911914254,32637166.849319335,57489106.578876935
154,2013-05-31,5985.95,16.6683,4.945520460866111,0.009401032005665888,3.0,33070400.054244902,333233.20492555876,32970400.054244895,53455204.60866111
155,2013-06-28,5842.2,16.2723,4.1511704800952245,-0.02401456744543473,3.0,32251228.70169473,-769171.3525501726,32201228.701694723,45511704.80095225
156,2013-07-31,5742.0,15.4658,3.8420963865581657,-0.01715107322583953,3.0,31673085.516608667,-528143.1850860639,31673085.51660866,42420963.865581654
157,2013-08-30,5471.8,14.7407,3.0336146843094616,-0.047056774642981525,3.0,30157652.26920573,-1465433.247402936,30207652.269205723,34336146.84309462
158,2013-09-30,5735.3,15.3478,3.0472090889845465,0.04815599985379593,3.0,31584924.16747243,1477271.8982666996,31684924.167472422,34472090.88984546
159,2013-10-31,6299.15,16.7765,3.048557105212417,0.098312206859275,3.0,34665107.76585949,3130183.5983870635,34815107.765859485,34485571.05212417
160,2013-11-29,6176.1,16.4574,2.8236186348862407,-0.01953438162291732,3.0,33962946.32176164,-652161.4440978541,34162946.32176163,32236186.348862406
161,2013-12-31,6304.0,16.1964,2.353637451788802,0.020708861579313842,3.0,34641280.27596466,728333.954203028,34891280.275964655,27536374.51788802
162,2014-01-31,6089.5,15.6296,2.3648293963254594,-0.03402601522842641,3.0,33437575.5457625,-1153704.730202161,33737575.545762494,27648293.963254593
163,2014-02-28,6276.95,16.041,2.486613342220741,0.030782494457673115,3.0,34441867.529677965,1054291.9839154603,34791867.52967796,28866133.422207408
164,2014-03-31,6704.2,16.4484,2.7836221005700095,0.06806649726379854,3.0,36761204.8116469,2369337.2819689373,37161204.81164689,31836221.005700096
165,2014-04-30,6696.4,16.4299,2.728300206001893,-0.0011634497777512909,3.0,36693434.99607892,-17769.815567980273,37143434.996078916,31283002.060018927
166,2014-05-30,7229.95,17.7059,3.873247506066325,0.07967713995579717,3.0,39592062.95172045,2948627.9556415263,40092062.95172044,42732475.06066325
167,2014-06-30,7611.35,18.0903,4.055359989373008,0.05275278528897154,6.0,41630654.54776,2138591.596039553,42230654.547759995,44553599.893730074
168,2014-07-31,7721.3,18.3521,3.7303191815230043,0.014445532001550188,6.0,42182031.50027515,651376.952515148,42882031.50027514,41303191.81523004
169,2014-08-28,7954.35,18.7958,3.8747357131913596,0.03018274124823539,6.0,43405200.84237287,1323169.3420977192,44205200.842372864,42747357.131913595
170,2014-09-30,7964.8,18.3308,3.563047837295904,0.0013137465663441983,6.0,43412224.27594102,107023.43356814767,44312224.275941014,39630478.37295904
171,2014-10-31,8322.2,19.2168,3.6573395265543684,0.0448724387304138,6.0,45310236.64991417,1998012.373973146,46310236.64991416,40573395.265543684
172,2014-11-28,8588.25,19.8384,3.3844445578925875,0.0319687101968229,6.0,46708746.47432474,1498509.8244105699,47808746.47432473,37844445.57892588
173,2014-12-31,8282.7,19.3627,2.98111031002163,-0.03557767880534446,6.0,44996957.69486095,-1611788.779463791,46196957.69486094,33811103.1002163
174,2015-01-30,8808.9,20.6181,3.2811527993779164,0.06353000833061673,6.0,47805614.79206788,2908657.0972069246,49105614.79206787,36811527.99377917
175,2015-02-28,8901.85,20.815,3.232426007369547,0.01055182826459622,6.0,48260051.42943722,554436.637369341,49660051.42943721,36324260.073695466
176,2015-03-31,8491.0,22.3897,3.171149264362734,-0.04615332767907798,6.0,45982689.46200525,-2177361.967431972,47482689.46200524,35711492.643627346
177,2015-04-30,8181.5,21.6268,3.300394218134034,-0.03645035920386286,6.0,44256603.91395548,-1626085.5480497708,45856603.91395547,37003942.18134034
178,2015-05-29,8433.65,22.5688,3.0399750904169958,0.03081953187068387,6.0,45570571.72876986,1413967.8148143834,47270571.72876985,34399750.90416996
179,2015-06-30,8368.5,21.6067,2.768576060524183,-0.007725006373278442,6.0,45168538.77173117,-302032.9570386896,46968538.77173116,31685760.605241828
180,2015-07-31,8532.85,22.0366,2.690200233533711,0.019639122901356387,6.0,46005609.25594388,937070.4842127095,47905609.25594387,30902002.33533711
181,2015-08-31,7971.3,20.5994,2.3427547019478747,-0.06581036816538444,6.0,42927963.1731374,-2977646.082806485,44927963.17313739,27427547.019478746
182,2015-09-30,7948.9,20.2027,2.055623894825863,-0.0028100811661837533,6.0,42757332.112321936,-70631.06081546315,44857332.11232193,24556238.94825863
183,2015-10-30,8065.8,20.5002,2.4019274974166476,0.014706437368692482,6.0,43336140.13908418,678808.0267622464,45536140.139084175,28019274.974166475
184,2015-11-30,7935.25,20.1659,1.9918936751814496,-0.016185623248778813,6.0,42584717.70173669,-651422.4373474977,44884717.70173668,23918936.751814496
185,2015-12-31,7946.35,20.7102,1.8014136891646544,0.0013988217132416825,6.0,42594286.12951014,109568.42777345671,44994286.129510134,22014136.891646545
186,2016-01-29,7563.55,19.7129,1.5202592382792979,-0.04817306058756543,6.0,40492389.00310915,-2001897.12640099,42992389.00310914,19202592.38279298
187,2016-02-29,6987.05,18.2043,1.2724330829023973,-0.07622082223294613,6.0,37356025.81911586,-3036363.183993285,39956025.819115855,16724330.829023974
188,2016-03-31,7738.4,20.5684,1.2742942792905319,0.10753465339449408,6.0,41323093.10777026,4067067.2886543963,44023093.10777025,16742942.792905318
189,2016-04-29,7849.8,19.4514,1.2064875196761862,0.014395740721596217,6.0,41867969.6419641,644876.5341938402,44667969.64196409,16064875.196761861
190,2016-05-31,8160.1,20.2354,1.65710424773286,0.03952966954572101,6.0,43472996.64646122,1705027.0044971202,46372996.64646121,20571042.4773286
191,2016-06-30,8287.75,20.6849,1.649367048142702,0.015643190647173455,6.0,44103053.02100574,730056.374544525,47103053.021005735,20493670.48142702
192,2016-07-29,8638.5,21.5603,1.7483138203105115,0.04232149859732748,6.0,45919560.317572095,1916507.2965663539,49019560.31757209,21483138.203105114
193,2016-08-31,8786.2,21.9577,1.573654764345763,0.017097875788620875,6.0,46654687.25615003,835126.9385779318,49854687.25615002,19736547.64345763
194,2016-09-30,8611.15,22.0019,1.3997185375097536,-0.01992328879379035,6.0,45675172.448361784,-879514.8077882474,48975172.44836178,17997185.375097536
195,2016-10-30,8625.7,22.039,1.3038113298255927,0.0016896697885881995,6.0,45702348.40733634,127175.95897455301,49102348.40733633,17038113.298255928
196,2016-11-30,8224.5,21.0207,1.0797825262359337,-0.046512167128465065,6.0,43526633.14005097,-2075715.267285367,47026633.14005096,14797825.262359338
197,2016-12-30,8185.8,20.9218,1.0637858007260994,-0.004705453219040701,6.0,43271820.60402811,-154812.53602285648,46871820.604028106,14637858.007260995
198,2017-01-31,8561.3,21.4793,1.0969701423077862,0.0458721200127048,6.0,45206790.751944326,2034970.14791621,48906790.75194432,14969701.423077863
199,2017-02-28,8879.6,22.2696,1.3708648172376043,0.03717893310595377,6.0,46837531.001245715,1730740.2493013877,50637531.00124571,17708648.172376044
200,2017-03-31,9173.75,21.714,1.4005311980740798,0.03312649218433261,6.0,48339094.10589192,1601563.1046462026,52239094.10589191,18005311.9807408
201,2017-04-28,9304.05,22.0217,1.2759974559064555,0.014203569968660457,6.0,48975681.81124662,736587.7053546981,52975681.81124661,16759974.559064556
202,2017-05-31,9621.25,22.6251,1.2396876018436611,0.03409268006943211,6.0,50595394.06241976,1719712.2511731365,54695394.06241975,16396876.01843661
203,2017-06-30,9520.9,22.3883,1.2047796586619732,-0.010430037677017112,6.0,50017682.196065195,-477711.86635456595,54217682.19606519,16047796.586619733
204,2017-07-31,10077.1,23.6962,1.2250902547004205,0.058418846957745574,6.0,52889657.51745828,2971975.321393088,57189657.517458275,16250902.547004206
205,2017-08-31,9917.9,23.3218,1.2217517921146954,-0.01579819590953757,6.0,52004096.34640913,-785561.1710491525,56404096.34640912,16217517.921146953
206,2017-09-29,9788.6,22.7346,0.9493960787437641,-0.013037034049546703,6.0,51276117.171625085,-627979.1747840431,55776117.17162508,13493960.78743764
207,2017-10-31,10335.3,23.5665,0.7515527950310559,0.05585068344809252,6.0,54089923.36022482,2913806.1885997336,58689923.36022481,11515527.950310558
208,2017-11-30,10226.55,23.3186,0.7745954622359115,-0.010522190937853781,6.0,53470778.85881466,-519144.5014101631,58170778.85881465,11745954.622359116
209,2017-12-29,10530.7,23.8994,0.7154888736845535,0.029741212823484187,6.0,55011064.67269212,1640285.8138774657,59811064.67269211,11154888.736845534
210,2018-01-31,11027.7,23.8705,1.146531839725934,0.0471953431395824,6.0,57557330.74639358,2646266.073701464,62457330.746393576,15465318.397259342
211,2018-02-28,10492.85,22.7386,1.008777639513736,-0.04850059395884909,6.0,54715766.01850757,-2741564.7278860155,59715766.01850756,14087776.39513736
212,2018-03-28,10113.7,21.9169,1.136170662160735,-0.03613412943099348,6.0,52688659.447278865,-1927106.5712287072,57788659.44727886,15361706.62160735
213,2018-04-30,10739.35,22.491,1.078892351768327,0.06186163323017291,6.0,55898065.973395914,3309406.52611705,61098065.97339591,14788923.517683271
214,2018-05-31,10736.15,22.4842,1.2045029876183238,-0.0002979696164107093,6.0,55831410.048119724,33344.0747238067,61131410.04811972,16045029.876183238
215,2018-06-29,10714.3,22.4226,1.651693457573845,-0.002035180208920351,6.0,55667783.06735367,-63626.98076605007,61067783.067353666,20516934.57573845
216,2018-07-31,11356.5,23.9453,1.6209626236167045,0.059938586748551126,6.0,58954431.31183577,3386648.2444821037,64454431.311835766,20209626.236167043
217,2018-08-31,11680.5,24.6285,1.67901376146789,0.028529916787742637,9.0,60561396.331431136,1756965.0195953636,66211396.33143113,20790137.6146789
218,2018-09-28,10930.45,22.5643,1.7875267775170869,-0.0642138607080176,6.0,56622515.26312157,-3838881.068309567,62372515.26312156,21875267.77517087
219,2018-10-31,10386.6,21.2753,2.5994593845300806,-0.04975549954484948,6.0,53755233.73071909,-2767281.5324024777,59605233.73071908,29994593.845300805
220,2018-11-30,10876.75,22.2626,2.947860331748394,0.047190610979531256,6.0,56241976.05381923,2586742.3231001412,62191976.053819224,33478603.31748394
221,2018-12-31,10862.55,23.8693,2.670834530186033,-0.001305537040016569,6.0,56118550.07087725,-23425.9829419859,62168550.07087724,30708345.30186033
222,2019-01-31,10830.95,23.7999,2.7675490468902186,-0.002909077518630343,6.0,55905296.85848793,-113253.21238932025,62055296.85848792,31675490.468902186
223,2019-02-28,10792.5,23.7154,2.9051616521629002,-0.0035500117718206825,6.0,55656832.39653316,-148464.46195476197,61906832.396533154,33051616.521629002
224,2019-03-29,11623.9,25.8509,2.8477631208725733,0.07703497799397718,9.0,59869355.25541457,4362522.858881408,66269355.25541456,32477631.20872573
225,2019-04-30,11748.15,25.7389,2.3817844240705823,0.010689183492631482,9.0,60434309.77932523,714954.5239106673,66984309.779325224,27817844.24070582
226,2019-05-31,11922.8,26.1215,1.6799132379550232,0.014866170418321056,9.0,61257736.52761829,973426.7482930557,67957736.52761827,20799132.379550233
227,2019-06-28,11788.85,25.4648,1.747279252406143,-0.011234777065789792,9.0,60494519.51417561,-613217.0134426795,67344519.5141756,21472792.52406143
228,2019-07-31,11118.0,23.6526,1.3979553322045963,-0.056905465757898344,6.0,57002050.70542117,-3392468.8087544334,63952050.70542116,17979553.322045963
229,2019-08-30,11023.25,23.451,1.3644387722271079,-0.00852221622593996,6.0,56466266.90398758,-435783.8014335927,63516266.903987564,17644387.722271077
230,2019-09-30,11474.45,24.2969,1.2569950530591374,0.04093166715805241,9.0,58702525.346559346,2386258.44257177,65902525.34655933,16569950.530591374
231,2019-10-31,11877.45,25.3647,1.520841734405841,0.03512150909193901,9.0,60689246.62423831,2136721.277678964,68039246.6242383,19208417.34405841
232,2019-11-29,12056.05,25.7093,1.3955431478133011,0.015036897650589909,9.0,61526824.61421839,987577.9899800806,69026824.61421838,17955431.47813301
233,2019-12-31,12168.45,25.3833,1.3396141163803463,0.009323119927339585,9.0,62025446.578845136,648621.9646267472,69675446.57884513,17396141.163803466
234,2020-01-31,11962.1,25.272100000000002,1.4502207064655215,-0.016957788378963667,9.0,60898632.18165036,-976814.3971947718,68698632.18165036,18502207.064655215
235,2020-02-28,11201.75,23.5587,1.2757146049610952,-0.06356325394370554,6.0,56977716.959463805,-3820915.2221865607,64877716.9594638,16757146.049610952
236,2020-03-31,8597.75,19.5069,0.6379474576594082,-0.23246367755038277,6.0,43682467.336642034,-13195249.62282177,51682467.33664203,10379474.57659408
237,2020-04-30,9859.9,22.3706,0.8681129215611973,0.14680003489284976,6.0,50045055.06586686,6462587.729224821,58145055.06586685,12681129.215611974
238,2020-05-29,9580.3,21.7074,0.8835499282386015,-0.0283572855708476,6.0,48575913.147955276,-1369141.9179115798,56775913.14795527,12835499.282386014
239,2020-06-30,10302.1,26.7436,0.9392188235294119,0.07534210828470944,9.0,52160724.85637716,3734811.7084218874,60510724.856377155,13392188.235294119
240,2020-07-31,11073.45,28.1737,1.0630169908338925,0.0748730841284786,9.0,55991159.19675111,3980434.340373952,64491159.1967511,14630169.908338925
241,2020-08-31,11387.5,28.9959,1.1078594698652453,0.028360628349791472,9.0,57504103.65360418,1662944.456853067,66154103.65360417,15078594.698652454
242,2020-09-30,11247.55,27.9579,0.8652808066401876,-0.012289791437980258,9.0,56722390.212873384,-631713.4407307939,65522390.21287338,12652808.066401877
243,2020-10-30,11642.4,28.9394,0.9346926566628446,0.03510542295877772,9.0,58638653.71252914,2066263.499655754,67588653.71252914,13346926.566628447
244,2020-11-27,12968.95,32.2368,1.212112166749109,0.1139412835841409,9.0,65245017.184180655,6756363.47165152,74345017.18418066,16121121.66749109
245,2020-12-31,13981.75,33.2749,1.279199608770071,0.07809421734219035,9.0,70265275.73665701,5170258.552476348,79515275.73665701,16791996.08770071
246,2021-01-29,13634.6,32.4338,1.47636172106286,-0.024828794678777633,9.0,68445673.63234386,-1669602.1043131526,77845673.63234386,18763617.2106286
247,2021-02-26,14529.15,34.5618,1.7242581915342425,0.06560881874055702,9.0,72861313.42726363,4565639.794919771,82411313.42726363,21242581.915342424
248,2021-03-31,14690.7,31.6548,1.5182258410113563,0.01111902623346861,9.0,73596460.28266636,885146.855402723,83296460.28266636,19182258.410113562
249,2021-04-30,14631.1,31.514,1.5447604139490392,-0.0040569884348601315,9.0,73222880.29445294,-223579.98821342038,83072880.29445294,19447604.139490392
250,2021-05-17,14808.9,31.6145,1.6633993687220672,0.012152196348873323,9.0,74037699.11302118,964818.8185682393,84037699.11302118,20633993.68722067
